Protocol,FND mean,FND std,HND mean,HND std,LND mean,PDR mean,PDR std,E consumed (J),E balance var,Avg CH count
LEACH,185.5,251.7,2000.0,0.0,2000.0,0.0482,0.0005,21.5747,0.00947,4.82
HEED,152.1,18.6,301.7,16.7,362.3,0.0041,0.0002,50.0,0.0,2.27
PEGASIS,215.9,73.6,1130.5,10.2,1519.3,0.0076,0.0009,50.0,0.0,1.0
SEP,191.6,22.6,393.6,27.3,2000.0,0.0082,0.0004,49.8249,4.3e-05,0.82
TEEN,194.7,272.5,2000.0,0.0,2000.0,0.0482,0.0004,21.61,0.009514,4.82
